,UserName,EventName,CountryCode,Taxrate,CAInputID,UserId,Identifier,ExDate,EventTypeID,EventCurrencyCode,CountryId,EventAmount,OfferPrice,TermOldShares,TermNewShares,SpunOffStock,SpunOffCash,PriceEx_1,FxEx_1,PayDatePrice,PayDatePrice_1,PayDateFx,PayDateFx_1,Franking_percent,Income_percent,WHT,CreatedBy,CreatedDate
0,Tanmay Sidhu,Special Cash Dividend,US,30.000000000000000000,2,1,A,2019-05-17,2,101,101,15.000000000000000000,,,,,,112.000000000000000000,1.000000000000000000,,,,,,,Standard,System,2019-05-17
1,Tanmay Sidhu,Capital Repayment,US,30.000000000000000000,3,1,B,2019-05-17,3,101,101,14.000000000000000000,,,,,,220.000000000000000000,1.000000000000000000,,,,,,,Standard,System,2019-05-17
2,Sachin Sharma,Cash Dividend,US,30.000000000000000000,1,2,A,2019-05-17,1,101,101,10.000000000000000000,,,,,,112.000000000000000000,1.000000000000000000,,,,,,,Standard,System,2019-05-17
3,Sachin Sharma,Stock Dividend,US,30.000000000000000000,4,2,C,2019-05-17,4,101,101,,,300.000000000000000000,900.000000000000000000,,,112.000000000000000000,1.000000000000000000,,,,,,,Standard,System,2019-05-17
4,Sachin Sharma,Stock Split,US,30.000000000000000000,5,2,D,2019-05-17,5,101,101,,,300.000000000000000000,600.000000000000000000,,,112.000000000000000000,1.000000000000000000,,,,,,,Standard,System,2019-05-17
