,Unnamed: 0,CAInputID,ExDate,IdentifierMappingID,EventType,EventCurrency,LocalCurrency,EventAmount,OfferPrice,TermOldShares,TermNewShares,SpunOffStock,SpunOffCash,BuybackShares,PriceExT1,FxExT1,PayDate,PayDatePrice,PayDatePriceT1,PayDateFx,PayDateFxT1,FrankingPercent,IncomePercent,WHTType,REIT,Comments,TaxRate,CombinedPay,CombinedEx
17,18,3,5/29/2018,238,Cash Dividend,JP,JP,3530.0,,,,,,,0.0,0.0,8/15/2018,,170200.0,,1.0,,,Flat,0,,10.0,238_8/15/2018,
18,19,10,11/28/2018,238,Cash Dividend,JP,JP,3473.0,,,,,,,0.0,0.0,2/15/2019,,172800.0,,1.0,,,Standard,0,,15.3153,238_2/15/2019,
20,21,4,6/27/2018,454,Cash Dividend,JP,JP,80.0,,,,,,,0.0,0.0,8/27/2018,,3510.0,,1.0,,,Custom,1,,16.0,454_8/27/2018,
21,22,5,12/26/2018,454,Cash Dividend,JP,JP,80.0,,,,,,,0.0,0.0,3/29/2019,,3212.0,,1.0,,,Flat,1,,10.0,454_3/29/2019,
22,23,9,5/29/2018,239,Cash Dividend,JP,JP,45.0,,,,,,,0.0,0.0,8/27/2018,,24080.0,,1.0,,,Custom,0,,18.0,239_8/27/2018,
23,24,8,11/28/2018,239,Cash Dividend,JP,JP,45.0,,,,,,,0.0,0.0,2/13/2019,,21130.0,,1.0,,,Standard,1,,17.0,239_2/13/2019,
24,25,7,2/26/2019,658,Cash Dividend,JP,JP,50.0,,,,,,,0.0,0.0,8/15/2019,,2172.0,,1.0,,,Custom,1,,16.0,658_8/15/2019,
25,26,1,6/28/2018,513,Cash Dividend,KR,KR,800.0,,,,,,,0.0,0.0,8/14/2018,,94200.0,,1.0,,,Flat,0,,10.0,513_8/14/2018,
26,27,8,9/27/2018,513,Cash Dividend,KR,KR,800.0,,,,,,,0.0,0.0,11/13/2018,,69000.0,,1.0,,,Standard,0,,22.0,513_11/13/2018,
27,28,2,12/27/2018,513,Cash Dividend,KR,KR,1200.0,,,,,,,0.0,0.0,4/15/2019,,93200.0,,1.0,,,Custom,0,,62.0,513_4/15/2019,
28,29,9,3/28/2019,513,Cash Dividend,KR,KR,800.0,,,,,,,0.0,0.0,5/14/2019,,78300.0,,1.0,,,Custom,1,,43.0,513_5/14/2019,
