,CAReqDetailID,ExDate,IdentifierMappingID,EventType,EventCurrency,LocalCurrency,EventAmount,OfferPrice,TermOldShares,TermNewShares,SpunOffStock,SpunOffCash,BuybackShares,PriceExT1,FxExT1,PayDate,PayDatePrice,PayDatePriceT1,PayDateFx,PayDateFxT1,FrankingPercent,IncomePercent,WHTType,REIT,Comments,TaxRate,CombinedPay,CombinedEx
26,8509,2018-06-28,513,Cash Dividend,KR,KR,800.000000000000000000,,,,,,,94200.000000000000000000,1.000000000000000000,2018-08-14,,94200.000000000000000000,,1.000000000000000000,,,Flat,0,,100.000000000000000000,513_2018-08-14,
27,8510,2018-09-27,513,Cash Dividend,KR,KR,800.000000000000000000,,,,,,,69000.000000000000000000,1.000000000000000000,2018-11-13,,69000.000000000000000000,,1.000000000000000000,,,Standard,0,,22.000000000000000000,513_2018-11-13,
28,8511,2018-12-27,513,Cash Dividend,KR,KR,1200.000000000000000000,,,,,,,93200.000000000000000000,1.000000000000000000,2019-04-15,,93200.000000000000000000,,1.000000000000000000,,,Custom,0,,62.000000000000000000,513_2019-04-15,
29,8512,2019-03-28,513,Cash Dividend,KR,KR,800.000000000000000000,,,,,,,78300.000000000000000000,1.000000000000000000,2019-05-14,,78300.000000000000000000,,1.000000000000000000,,,Custom,1,,43.000000000000000000,513_2019-05-14,
